"Protein";"Mutation(s)_PDB";"Mutation(s)_cleaned";"Location(s)";"Hold_out_type";"Hold_out_proteins";"Affinity_mut (M)";"Affinity_wt (M)";"Reference";"Protein 1";"Protein 2";"Temperature";"kon_mut (M^(-1)s^(-1))";"kon_wt (M^(-1)s^(-1))";"koff_mut (s^(-1))";"koff_wt (s^(-1))";"dH_mut (kcal mol^(-1))";"dH_wt (kcal mol^(-1))";"dS_mut (cal mol^(-1) K^(-1))";"dS_wt (cal mol^(-1) K^(-1))";"Notes"
"1BRS_A_D";"KA27A";"KA25A";"COR";;"1BRS_A_D,1B3S_A_D,1B2U_A_D,1X1X_A_D,1B2S_A_D,1X1W_A_D";" 8.80e-11";" 1.00e-14";7739054;"Barnase";"Barstar";298;" 5.10e+07";" 3.70e+08";" 4.50e-03";" 3.73e-06";"-1.31e+01";"-1.93e+01";" 1.68e+00";"-1.01e+00";"Thermodynamic data from 9126847.,,"
"1BRS_A_D";"RA59A";"RA57A";"COR";;"1BRS_A_D,1B3S_A_D,1B2U_A_D,1X1X_A_D,1B2S_A_D,1X1W_A_D";" 7.00e-11";" 1.00e-14";7739054;"Barnase";"Barstar";298;" 3.40e+07";" 3.70e+08";" 2.40e-03";" 3.73e-06";"-1.19e+01";"-1.93e+01";" 6.37e+00";"-1.01e+00";"Thermodynamic data from 9126847.,,"
"1BRS_A_D";"RA83Q";"RA81Q";"COR";;"1BRS_A_D,1B3S_A_D,1B2U_A_D,1X1X_A_D,1B2S_A_D,1X1W_A_D";" 9.40e-11";" 1.00e-14";7739054;"Barnase";"Barstar";298;" 1.10e+08";" 3.70e+08";" 1.00e-02";" 3.73e-06";;;;;
"1BRS_A_D";"RA87A";"RA85A";"SUP";;"1BRS_A_D,1B3S_A_D,1B2U_A_D,1X1X_A_D,1B2S_A_D,1X1W_A_D";" 1.20e-10";" 1.00e-14";7739054;"Barnase";"Barstar";298;" 1.40e+08";" 3.70e+08";" 1.70e-02";" 3.73e-06";"-1.73e+01";"-1.93e+01";"-1.27e+01";"-1.01e+00";"Thermodynamic data from 9126847.,,"
"1BRS_A_D";"HA102A";"HA100A";"COR";;"1BRS_A_D,1B3S_A_D,1B2U_A_D,1X1X_A_D,1B2S_A_D,1X1W_A_D";" 3.20e-10";" 1.00e-14";7739054;"Barnase";"Barstar";298;" 4.00e+08";" 3.70e+08";" 1.29e-01";" 3.73e-06";"-1.09e+01";"-1.93e+01";" 6.71e+00";"-1.01e+00";"Thermodynamic data from 9126847.,,"
"1BRS_A_D";"YD29F";"YD29F";"RIM";;"1BRS_A_D,1B3S_A_D,1B2U_A_D,1X1X_A_D,1B2S_A_D,1X1W_A_D";" 8.00e-15";" 1.00e-14";7739054;"Barnase";"Barstar";298;" 3.00e+08";" 3.70e+08";" 2.40e-06";" 3.73e-06";"-1.88e+01";"-1.93e+01";" 1.01e+00";"-1.01e+00";"Thermodynamic data from 9126847.,,"
"1BRS_A_D";"YD29A";"YD29A";"RIM";;"1BRS_A_D,1B3S_A_D,1B2U_A_D,1X1X_A_D,1B2S_A_D,1X1W_A_D";" 3.50e-12";" 1.00e-14";7739054;"Barnase";"Barstar";298;" 2.90e+08";" 3.70e+08";" 1.00e-03";" 3.73e-06";"-1.42e+01";"-1.93e+01";" 4.70e+00";"-1.01e+00";"Thermodynamic data from 9126847.,,"
"1BRS_A_D";"DD35A";"DD35A";"COR";;"1BRS_A_D,1B3S_A_D,1B2U_A_D,1X1X_A_D,1B2S_A_D,1X1W_A_D";" 2.00e-11";" 1.00e-14";7739054;"Barnase";"Barstar";298;" 1.90e+08";" 3.70e+08";" 3.80e-03";" 3.73e-06";"-1.44e+01";"-1.93e+01";" 3.35e-01";"-1.01e+00";"Thermodynamic data from 9126847.,,"
"1BRS_A_D";"WD38F";"WD38F";"COR";;"1BRS_A_D,1B3S_A_D,1B2U_A_D,1X1X_A_D,1B2S_A_D,1X1W_A_D";" 1.60e-13";" 1.00e-14";7739054;"Barnase";"Barstar";298;" 4.30e+08";" 3.70e+08";" 7.00e-05";" 3.73e-06";;;;;
"1BRS_A_D";"DD39A";"DD39A";"COR";;"1BRS_A_D,1B3S_A_D,1B2U_A_D,1X1X_A_D,1B2S_A_D,1X1W_A_D";" 4.06e-09";" 1.00e-14";7739054;"Barnase";"Barstar";298;" 1.90e+08";" 3.70e+08";" 9.00e-01";" 3.73e-06";"-7.40e+00";"-1.93e+01";" 1.31e+01";"-1.01e+00";"Thermodynamic data from 9126847. ITC dG(mut) is -11.1 kcal/mol,,"
"1BRS_A_D";"TD42A";"TD42A";"COR";;"1BRS_A_D,1B3S_A_D,1B2U_A_D,1X1X_A_D,1B2S_A_D,1X1W_A_D";" 2.30e-13";" 1.00e-14";7739054;"Barnase";"Barstar";298;" 3.20e+08";" 3.70e+08";" 7.20e-05";" 3.73e-06";;;;;
"1BRS_A_D";"WD44F";"WD44F";"COR";;"1BRS_A_D,1B3S_A_D,1B2U_A_D,1X1X_A_D,1B2S_A_D,1X1W_A_D";" 1.10e-14";" 1.00e-14";7739054;"Barnase";"Barstar";298;" 3.10e+08";" 3.70e+08";" 3.40e-06";" 3.73e-06";;;;;
"1BRS_A_D";"ED76A";"ED74A";"RIM";;"1BRS_A_D,1B3S_A_D,1B2U_A_D,1X1X_A_D,1B2S_A_D,1X1W_A_D";" 1.00e-13";" 1.00e-14";7739054;"Barnase";"Barstar";298;" 2.00e+08";" 3.70e+08";" 2.10e-05";" 3.73e-06";"-1.78e+01";"-1.93e+01";"-3.35e-01";"-1.01e+00";"Thermodynamic data from 9126847.,,"
"1BRS_A_D";"ED80A";"ED78A";"SUR";;"1BRS_A_D,1B3S_A_D,1B2U_A_D,1X1X_A_D,1B2S_A_D,1X1W_A_D";" 2.50e-14";" 1.00e-14";7739054;"Barnase";"Barstar";298;" 2.10e+08";" 3.70e+08";" 5.20e-06";" 3.73e-06";;;;;
"1BRS_A_D";"KA27A,YD29A";"KA25A,YD29A";"COR,RIM";;"1BRS_A_D,1B3S_A_D,1B2U_A_D,1X1X_A_D,1B2S_A_D,1X1W_A_D";" 2.10e-08";" 1.00e-14";7739054;"Barnase";"Barstar";298;" 4.60e+07";" 3.70e+08";" 9.70e-01";" 3.73e-06";;;;;
"1BRS_A_D";"KA27A,DD35A";"KA25A,DD35A";"COR,COR";;"1BRS_A_D,1B3S_A_D,1B2U_A_D,1X1X_A_D,1B2S_A_D,1X1W_A_D";" 1.00e-07";" 1.00e-14";7739054;"Barnase";"Barstar";298;" 3.70e+07";" 3.70e+08";" 3.60e+00";" 3.73e-06";;;;;
"1BRS_A_D";"KA27A,WD38F";"KA25A,WD38F";"COR,COR";;"1BRS_A_D,1B3S_A_D,1B2U_A_D,1X1X_A_D,1B2S_A_D,1X1W_A_D";" 5.60e-11";" 1.00e-14";7739054;"Barnase";"Barstar";298;" 3.80e+07";" 3.70e+08";" 2.10e-02";" 3.73e-06";;;;;
"1BRS_A_D";"KA27A,DD39A";"KA25A,DD39A";"COR,COR";;"1BRS_A_D,1B3S_A_D,1B2U_A_D,1X1X_A_D,1B2S_A_D,1X1W_A_D";" 1.17e-08";" 1.00e-14";7739054;"Barnase";"Barstar";298;" 5.80e+07";" 3.70e+08";" 6.80e-01";" 3.73e-06";"-1.06e+01";"-1.93e+01";" 6.71e-01";"-1.01e+00";"Thermodynamic data from 9126847. ITC dG(mut) is -10.3 kcal/mol,,"
"1BRS_A_D";"KA27A,TD42A";"KA25A,TD42A";"COR,COR";;"1BRS_A_D,1B3S_A_D,1B2U_A_D,1X1X_A_D,1B2S_A_D,1X1W_A_D";" 1.57e-10";" 1.00e-14";7739054;"Barnase";"Barstar";298;" 4.30e+07";" 3.70e+08";" 6.80e-03";" 3.73e-06";;;;;
"1BRS_A_D";"KA27A,ED76A";"KA25A,ED74A";"COR,RIM";;"1BRS_A_D,1B3S_A_D,1B2U_A_D,1X1X_A_D,1B2S_A_D,1X1W_A_D";" 8.10e-10";" 1.00e-14";7739054;"Barnase";"Barstar";298;" 1.60e+07";" 3.70e+08";" 1.30e-02";" 3.73e-06";;;;;
"1BRS_A_D";"KA27A,ED80A";"KA25A,ED78A";"COR,SUR";;"1BRS_A_D,1B3S_A_D,1B2U_A_D,1X1X_A_D,1B2S_A_D,1X1W_A_D";" 1.10e-10";" 1.00e-14";7739054;"Barnase";"Barstar";298;" 3.20e+07";" 3.70e+08";" 3.50e-03";" 3.73e-06";;;;;
"1BRS_A_D";"RA59A,YD29A";"RA57A,YD29A";"COR,RIM";;"1BRS_A_D,1B3S_A_D,1B2U_A_D,1X1X_A_D,1B2S_A_D,1X1W_A_D";" 9.00e-09";" 1.00e-14";7739054;"Barnase";"Barstar";298;" 2.80e+07";" 3.70e+08";" 2.50e-01";" 3.73e-06";;;;;
"1BRS_A_D";"RA59A,DD35A";"RA57A,DD35A";"COR,COR";;"1BRS_A_D,1B3S_A_D,1B2U_A_D,1X1X_A_D,1B2S_A_D,1X1W_A_D";" 4.40e-10";" 1.00e-14";7739054;"Barnase";"Barstar";298;" 3.10e+07";" 3.70e+08";" 1.40e-02";" 3.73e-06";;;;;
"1BRS_A_D";"RA59A,WD38F";"RA57A,WD38F";"COR,COR";;"1BRS_A_D,1B3S_A_D,1B2U_A_D,1X1X_A_D,1B2S_A_D,1X1W_A_D";" 4.00e-10";" 1.00e-14";7739054;"Barnase";"Barstar";298;" 3.30e+07";" 3.70e+08";" 1.30e-02";" 3.73e-06";;;;;
"1BRS_A_D";"RA59A,TD42A";"RA57A,TD42A";"COR,COR";;"1BRS_A_D,1B3S_A_D,1B2U_A_D,1X1X_A_D,1B2S_A_D,1X1W_A_D";" 1.00e-09";" 1.00e-14";7739054;"Barnase";"Barstar";298;" 2.10e+07";" 3.70e+08";" 2.30e-02";" 3.73e-06";;;;;
"1BRS_A_D";"RA59A,ED76A";"RA57A,ED74A";"COR,RIM";;"1BRS_A_D,1B3S_A_D,1B2U_A_D,1X1X_A_D,1B2S_A_D,1X1W_A_D";" 4.40e-11";" 1.00e-14";7739054;"Barnase";"Barstar";298;" 3.60e+07";" 3.70e+08";" 1.60e-03";" 3.73e-06";;;;;
"1BRS_A_D";"RA59A,ED80A";"RA57A,ED78A";"COR,SUR";;"1BRS_A_D,1B3S_A_D,1B2U_A_D,1X1X_A_D,1B2S_A_D,1X1W_A_D";" 6.50e-11";" 1.00e-14";7739054;"Barnase";"Barstar";298;" 3.10e+07";" 3.70e+08";" 2.00e-03";" 3.73e-06";;;;;
"1BRS_A_D";"RA83Q,YD29A";"RA81Q,YD29A";"COR,RIM";;"1BRS_A_D,1B3S_A_D,1B2U_A_D,1X1X_A_D,1B2S_A_D,1X1W_A_D";" 1.20e-08";" 1.00e-14";7739054;"Barnase";"Barstar";298;" 9.30e+07";" 3.70e+08";" 1.10e+00";" 3.73e-06";;;;;
"1BRS_A_D";"RA83Q,DD35A";"RA81Q,DD35A";"COR,COR";;"1BRS_A_D,1B3S_A_D,1B2U_A_D,1X1X_A_D,1B2S_A_D,1X1W_A_D";" 1.10e-07";" 1.00e-14";7739054;"Barnase";"Barstar";298;" 6.30e+07";" 3.70e+08";" 7.10e+00";" 3.73e-06";;;;;
"1BRS_A_D";"RA83Q,WD38F";"RA81Q,WD38F";"COR,COR";;"1BRS_A_D,1B3S_A_D,1B2U_A_D,1X1X_A_D,1B2S_A_D,1X1W_A_D";" 9.00e-10";" 1.00e-14";7739054;"Barnase";"Barstar";298;" 1.00e+08";" 3.70e+08";" 9.10e-02";" 3.73e-06";;;;;
"1BRS_A_D";"RA83Q,DD39A";"RA81Q,DD39A";"COR,COR";;"1BRS_A_D,1B3S_A_D,1B2U_A_D,1X1X_A_D,1B2S_A_D,1X1W_A_D";" 5.25e-10";" 1.00e-14";7739054;"Barnase";"Barstar";298;" 1.00e+08";" 3.70e+08";" 5.30e-02";" 3.73e-06";;;;;
"1BRS_A_D";"RA83Q,TD42A";"RA81Q,TD42A";"COR,COR";;"1BRS_A_D,1B3S_A_D,1B2U_A_D,1X1X_A_D,1B2S_A_D,1X1W_A_D";" 3.00e-10";" 1.00e-14";7739054;"Barnase";"Barstar";298;" 1.20e+08";" 3.70e+08";" 3.50e-02";" 3.73e-06";;;;;
"1BRS_A_D";"RA83Q,ED76A";"RA81Q,ED74A";"COR,RIM";;"1BRS_A_D,1B3S_A_D,1B2U_A_D,1X1X_A_D,1B2S_A_D,1X1W_A_D";" 8.45e-10";" 1.00e-14";7739054;"Barnase";"Barstar";298;" 4.00e+07";" 3.70e+08";" 3.40e-02";" 3.73e-06";;;;;
"1BRS_A_D";"RA83Q,ED80A";"RA81Q,ED78A";"COR,SUR";;"1BRS_A_D,1B3S_A_D,1B2U_A_D,1X1X_A_D,1B2S_A_D,1X1W_A_D";" 1.68e-10";" 1.00e-14";7739054;"Barnase";"Barstar";298;" 6.30e+07";" 3.70e+08";" 1.10e-02";" 3.73e-06";;;;;
"1BRS_A_D";"RA87A,YD29A";"RA85A,YD29A";"SUP,RIM";;"1BRS_A_D,1B3S_A_D,1B2U_A_D,1X1X_A_D,1B2S_A_D,1X1W_A_D";" 8.00e-09";" 1.00e-14";7739054;"Barnase";"Barstar";298;" 1.60e+08";" 3.70e+08";" 1.30e+00";" 3.73e-06";;;;;
"1BRS_A_D";"RA87A,WD38F";"RA85A,WD38F";"SUP,COR";;"1BRS_A_D,1B3S_A_D,1B2U_A_D,1X1X_A_D,1B2S_A_D,1X1W_A_D";" 1.45e-09";" 1.00e-14";7739054;"Barnase";"Barstar";298;" 1.90e+08";" 3.70e+08";" 2.75e-01";" 3.73e-06";;;;;
"1BRS_A_D";"RA87A,DD39A";"RA85A,DD39A";"SUP,COR";;"1BRS_A_D,1B3S_A_D,1B2U_A_D,1X1X_A_D,1B2S_A_D,1X1W_A_D";" 1.85e-09";" 1.00e-14";7739054;"Barnase";"Barstar";298;" 1.60e+08";" 3.70e+08";" 3.00e-01";" 3.73e-06";"-1.34e+01";"-1.93e+01";"-5.03e+00";"-1.01e+00";"Thermodynamic data from 9126847.,,"
"1BRS_A_D";"RA87A,TD42A";"RA85A,TD42A";"SUP,COR";;"1BRS_A_D,1B3S_A_D,1B2U_A_D,1X1X_A_D,1B2S_A_D,1X1W_A_D";" 1.40e-09";" 1.00e-14";7739054;"Barnase";"Barstar";298;" 1.10e+08";" 3.70e+08";" 3.10e-01";" 3.73e-06";;;;;
"1BRS_A_D";"RA87A,ED76A";"RA85A,ED74A";"SUP,RIM";;"1BRS_A_D,1B3S_A_D,1B2U_A_D,1X1X_A_D,1B2S_A_D,1X1W_A_D";" 1.08e-09";" 1.00e-14";7739054;"Barnase";"Barstar";298;" 6.90e+07";" 3.70e+08";" 7.40e-02";" 3.73e-06";;;;;
"1BRS_A_D";"RA87A,ED80A";"RA85A,ED78A";"SUP,SUR";;"1BRS_A_D,1B3S_A_D,1B2U_A_D,1X1X_A_D,1B2S_A_D,1X1W_A_D";" 3.10e-10";" 1.00e-14";7739054;"Barnase";"Barstar";298;" 7.60e+07";" 3.70e+08";" 2.40e-02";" 3.73e-06";;;;;
"1BRS_A_D";"HA102A,YD29A";"HA100A,YD29A";"COR,RIM";;"1BRS_A_D,1B3S_A_D,1B2U_A_D,1X1X_A_D,1B2S_A_D,1X1W_A_D";" 4.20e-10";" 1.00e-14";7739054;"Barnase";"Barstar";298;" 3.60e+08";" 3.70e+08";" 1.50e-01";" 3.73e-06";"-1.33e+01";"-1.93e+01";"-2.01e+00";"-1.01e+00";"Thermodynamic data from 9126847.,,"
"1BRS_A_D";"HA102A,YD29F";"HA100A,YD29F";"COR,RIM";;"1BRS_A_D,1B3S_A_D,1B2U_A_D,1X1X_A_D,1B2S_A_D,1X1W_A_D";" 1.17e-10";" 1.00e-14";7739054;"Barnase";"Barstar";298;" 3.90e+08";" 3.70e+08";" 4.50e-02";" 3.73e-06";"-1.20e+01";"-1.93e+01";" 5.03e+00";"-1.01e+00";"Thermodynamic data from 9126847.,,"
"1BRS_A_D";"HA102A,WD38F";"HA100A,WD38F";"COR,COR";;"1BRS_A_D,1B3S_A_D,1B2U_A_D,1X1X_A_D,1B2S_A_D,1X1W_A_D";" 4.00e-09";" 1.00e-14";7739054;"Barnase";"Barstar";298;" 3.20e+08";" 3.70e+08";" 1.28e+00";" 3.73e-06";;;;;
"1BRS_A_D";"HA102A,DD39A";"HA100A,DD39A";"COR,COR";;"1BRS_A_D,1B3S_A_D,1B2U_A_D,1X1X_A_D,1B2S_A_D,1X1W_A_D";" 3.90e-08";" 1.00e-14";7739054;"Barnase";"Barstar";298;" 4.40e+08";" 3.70e+08";" 1.70e+01";" 3.73e-06";"-2.40e+00";"-1.93e+01";" 2.58e+01";"-1.01e+00";"Thermodynamic data from 9126847. ITC dG(mut) is -8.3 kcal/mol,,"
"1BRS_A_D";"HA102A,TD42A";"HA100A,TD42A";"COR,COR";;"1BRS_A_D,1B3S_A_D,1B2U_A_D,1X1X_A_D,1B2S_A_D,1X1W_A_D";" 9.20e-09";" 1.00e-14";7739054;"Barnase";"Barstar";298;" 2.70e+08";" 3.70e+08";" 2.40e+00";" 3.73e-06";;;;;
"1BRS_A_D";"HA102A,ED76A";"HA100A,ED74A";"COR,RIM";;"1BRS_A_D,1B3S_A_D,1B2U_A_D,1X1X_A_D,1B2S_A_D,1X1W_A_D";" 3.50e-09";" 1.00e-14";7739054;"Barnase";"Barstar";298;" 1.70e+08";" 3.70e+08";" 5.90e-01";" 3.73e-06";;;;;
"1BRS_A_D";"HA102A,ED80A";"HA100A,ED78A";"COR,SUR";;"1BRS_A_D,1B3S_A_D,1B2U_A_D,1X1X_A_D,1B2S_A_D,1X1W_A_D";" 8.80e-10";" 1.00e-14";7739054;"Barnase";"Barstar";298;" 2.00e+08";" 3.70e+08";" 1.80e-01";" 3.73e-06";;;;;
"1BRS_A_D";"RA59A,DD39A";"RA57A,DD39A";"COR,COR";;"1BRS_A_D,1B3S_A_D,1B2U_A_D,1X1X_A_D,1B2S_A_D,1X1W_A_D";" 2.13e-06";" 1.00e-14";9126847;"Barnase";"Barstar";298;;;;;"-1.70e+00";"-1.93e+01";" 2.01e+01";"-1.01e+00";
"1BRS_A_D";"EA73Q";"EA71Q";"SUP";;"1BRS_A_D,1B3S_A_D,1B2U_A_D,1X1X_A_D,1B2S_A_D,1X1W_A_D";" 1.16e-13";" 1.00e-14";9126847;"Barnase";"Barstar";298;;;;;"-1.00e+01";"-1.93e+01";" 2.55e+01";"-1.01e+00";
"1BRS_A_D";"EA73Q,DD39A";"EA71Q,DD39A";"SUP,COR";;"1BRS_A_D,1B3S_A_D,1B2U_A_D,1X1X_A_D,1B2S_A_D,1X1W_A_D";" 1.92e-09";" 1.00e-14";9126847;"Barnase";"Barstar";298;;;;;"-6.30e+00";"-1.93e+01";" 1.84e+01";"-1.01e+00";
"1BRS_A_D";"EA73Q,ED76A";"EA71Q,ED74A";"SUP,RIM";;"1BRS_A_D,1B3S_A_D,1B2U_A_D,1X1X_A_D,1B2S_A_D,1X1W_A_D";" 3.85e-12";" 1.00e-14";9126847;"Barnase";"Barstar";298;;;;;"-8.10e+00";"-1.93e+01";" 2.48e+01";"-1.01e+00";
"1BRS_A_D";"EA73W";"EA71W";"SUP";;"1BRS_A_D,1B3S_A_D,1B2U_A_D,1X1X_A_D,1B2S_A_D,1X1W_A_D";" 1.64e-13";" 1.00e-14";9126847;"Barnase";"Barstar";298;;;;;"-8.50e+00";"-1.93e+01";" 2.99e+01";"-1.01e+00";
"1BRS_A_D";"EA73W,DD39A";"EA71W,DD39A";"SUP,COR";;"1BRS_A_D,1B3S_A_D,1B2U_A_D,1X1X_A_D,1B2S_A_D,1X1W_A_D";" 7.69e-10";" 1.00e-14";9126847;"Barnase";"Barstar";298;;;;;"-7.90e+00";"-1.93e+01";" 1.51e+01";"-1.01e+00";
"1BRS_A_D";"EA73W,DD35A";"EA71W,DD35A";"SUP,COR";;"1BRS_A_D,1B3S_A_D,1B2U_A_D,1X1X_A_D,1B2S_A_D,1X1W_A_D";" 1.54e-10";" 1.00e-14";9126847;"Barnase";"Barstar";298;;;;;"-4.70e+00";"-1.93e+01";" 2.88e+01";"-1.01e+00";
"1BRS_A_D";"EA73W,ED76A";"EA71W,ED74A";"SUP,RIM";;"1BRS_A_D,1B3S_A_D,1B2U_A_D,1X1X_A_D,1B2S_A_D,1X1W_A_D";" 4.00e-12";" 1.00e-14";9126847;"Barnase";"Barstar";298;;;;;"-6.50e+00";"-1.93e+01";" 3.02e+01";"-1.01e+00";
"1BRS_A_D";"EA73Y";"EA71Y";"SUP";;"1BRS_A_D,1B3S_A_D,1B2U_A_D,1X1X_A_D,1B2S_A_D,1X1W_A_D";" 5.88e-13";" 1.00e-14";9126847;"Barnase";"Barstar";298;;;;;"-1.07e+01";"-1.93e+01";" 1.98e+01";"-1.01e+00";
"1BRS_A_D";"EA73F";"EA71F";"SUP";;"1BRS_A_D,1B3S_A_D,1B2U_A_D,1X1X_A_D,1B2S_A_D,1X1W_A_D";" 4.35e-13";" 1.00e-14";9126847;"Barnase";"Barstar";298;;;;;"-9.00e+00";"-1.93e+01";" 2.62e+01";"-1.01e+00";
"1BRS_A_D";"EA73F,DD39A";"EA71F,DD39A";"SUP,COR";;"1BRS_A_D,1B3S_A_D,1B2U_A_D,1X1X_A_D,1B2S_A_D,1X1W_A_D";" 3.03e-09";" 1.00e-14";9126847;"Barnase";"Barstar";298;;;;;"-9.00e+00";"-1.93e+01";" 8.72e+00";"-1.01e+00";
"1BRS_A_D";"EA73F,DD35A";"EA71F,DD35A";"SUP,COR";;"1BRS_A_D,1B3S_A_D,1B2U_A_D,1X1X_A_D,1B2S_A_D,1X1W_A_D";" 5.00e-10";" 1.00e-14";9126847;"Barnase";"Barstar";298;;;;;"-3.70e+00";"-1.93e+01";" 2.99e+01";"-1.01e+00";
"1BRS_A_D";"EA73C";"EA71C";"SUP";;"1BRS_A_D,1B3S_A_D,1B2U_A_D,1X1X_A_D,1B2S_A_D,1X1W_A_D";" 7.14e-13";" 1.00e-14";9126847;"Barnase";"Barstar";298;;;;;"-8.90e+00";"-1.93e+01";" 2.55e+01";"-1.01e+00";
"1BRS_A_D";"EA73S";"EA71S";"SUP";;"1BRS_A_D,1B3S_A_D,1B2U_A_D,1X1X_A_D,1B2S_A_D,1X1W_A_D";" 1.61e-12";" 1.00e-14";9126847;"Barnase";"Barstar";298;;;;;"-7.70e+00";"-1.93e+01";" 2.78e+01";"-1.01e+00";
"1BRS_A_D";"EA73A";"EA71A";"SUP";;"1BRS_A_D,1B3S_A_D,1B2U_A_D,1X1X_A_D,1B2S_A_D,1X1W_A_D";" 5.26e-13";" 1.00e-14";9126847;"Barnase";"Barstar";298;;;;;"-7.30e+00";"-1.93e+01";" 3.15e+01";"-1.01e+00";
"1BRS_A_D";"EA73A,DD39A";"EA71A,DD39A";"SUP,COR";;"1BRS_A_D,1B3S_A_D,1B2U_A_D,1X1X_A_D,1B2S_A_D,1X1W_A_D";" 1.85e-09";" 1.00e-14";9126847;"Barnase";"Barstar";298;;;;;"-1.19e+01";"-1.93e+01";" 0.00e+00";"-1.01e+00";
"1BRS_A_D";"EA73A,DD35A";"EA71A,DD35A";"SUP,COR";;"1BRS_A_D,1B3S_A_D,1B2U_A_D,1X1X_A_D,1B2S_A_D,1X1W_A_D";" 5.26e-10";" 1.00e-14";9126847;"Barnase";"Barstar";298;;;;;"-3.00e+00";"-1.93e+01";" 3.22e+01";"-1.01e+00";
"1BRS_A_D";"RA59K";"RA57K";"COR";;"1BRS_A_D,1B3S_A_D,1B2U_A_D,1X1X_A_D,1B2S_A_D,1X1W_A_D";" 4.00e-12";" 6.00e-14";8507637;"Barnase";"Barstar";298;;;;;;;;;
"1BRS_A_D";"RA59A";"RA57A";"COR";;"1BRS_A_D,1B3S_A_D,1B2U_A_D,1X1X_A_D,1B2S_A_D,1X1W_A_D";" 1.50e-10";" 6.00e-14";8507637;"Barnase";"Barstar";298;;;;;;;;;
"1BRS_A_D";"HA102Q";"HA100Q";"COR";;"1BRS_A_D,1B3S_A_D,1B2U_A_D,1X1X_A_D,1B2S_A_D,1X1W_A_D";" 1.30e-10";" 6.00e-14";8507637;"Barnase";"Barstar";298;;;;;;;;;
"1BRS_A_D";"HA102D";"HA100D";"COR";;"1BRS_A_D,1B3S_A_D,1B2U_A_D,1X1X_A_D,1B2S_A_D,1X1W_A_D";" 1.30e-10";" 6.00e-14";8507637;"Barnase";"Barstar";298;;;;;;;;;
"1BRS_A_D";"HA102G";"HA100G";"COR";;"1BRS_A_D,1B3S_A_D,1B2U_A_D,1X1X_A_D,1B2S_A_D,1X1W_A_D";" 6.00e-09";" 6.00e-14";8507637;"Barnase";"Barstar";298;;;;;;;;;
"1BRS_A_D";"HA102A";"HA100A";"COR";;"1BRS_A_D,1B3S_A_D,1B2U_A_D,1X1X_A_D,1B2S_A_D,1X1W_A_D";" 7.00e-09";" 6.00e-14";8507637;"Barnase";"Barstar";298;;;;;;;;;
"1BRS_A_D";"HA102L";"HA100L";"COR";;"1BRS_A_D,1B3S_A_D,1B2U_A_D,1X1X_A_D,1B2S_A_D,1X1W_A_D";" 2.50e-08";" 6.00e-14";8507637;"Barnase";"Barstar";298;;;;;;;;;
"1BRS_A_D";"HA102Q,RA59K";"HA100Q,RA57K";"COR,COR";;"1BRS_A_D,1B3S_A_D,1B2U_A_D,1X1X_A_D,1B2S_A_D,1X1W_A_D";" 7.00e-09";" 6.00e-14";8507637;"Barnase";"Barstar";298;;;;;;;;;
"1BRS_A_D";"HA102Q,RA59A";"HA100Q,RA57A";"COR,COR";;"1BRS_A_D,1B3S_A_D,1B2U_A_D,1X1X_A_D,1B2S_A_D,1X1W_A_D";" 4.00e-07";" 6.00e-14";8507637;"Barnase";"Barstar";298;;;;;;;;;
"1B2U_A_D";"AA27K";"AA27K";"SUP";;"1BRS_A_D,1B3S_A_D,1B2U_A_D,1X1X_A_D,1B2S_A_D,1X1W_A_D";" 2.00e-11";" 1.00e-07";7739054;"Barnase";"Barstar";298;" 1.90e+08";" 3.70e+07";" 3.80e-03";" 3.60e+00";;;;;"Crystal structure is one of the mutants in the paper. This mutant is taken as 'wild-type'.,,"
"1B2U_A_D";"AD36D";"AD36D";"COR";;"1BRS_A_D,1B3S_A_D,1B2U_A_D,1X1X_A_D,1B2S_A_D,1X1W_A_D";" 8.80e-11";" 1.00e-07";7739054;"Barnase";"Barstar";298;" 5.10e+07";" 3.70e+07";" 4.50e-03";" 3.60e+00";;;;;"Crystal structure is one of the mutants in the paper. This mutant is taken as 'wild-type'.,,"
"1B2U_A_D";"AA27K,AD36D";"AA27K,AD36D";"SUP,COR";;"1BRS_A_D,1B3S_A_D,1B2U_A_D,1X1X_A_D,1B2S_A_D,1X1W_A_D";" 1.00e-14";" 1.00e-07";7739054;"Barnase";"Barstar";298;" 3.70e+08";" 3.70e+07";" 3.70e-06";" 3.60e+00";;;;;"Crystal structure is one of the mutants in the paper. This mutant is taken as 'wild-type'.,,"
"1B2S_A_D";"AA27K";"AA27K";"SUP";;"1BRS_A_D,1B3S_A_D,1B2U_A_D,1X1X_A_D,1B2S_A_D,1X1W_A_D";" 2.30e-13";" 1.57e-10";7739054;"Barnase";"Barstar";298;" 3.20e+08";" 4.30e+07";" 7.20e-05";" 6.80e-03";;;;;"Crystal structure is one of the mutants in the paper. This mutant is taken as 'wild-type'.,,"
"1B2S_A_D";"AD43T";"AD43T";"RIM";;"1BRS_A_D,1B3S_A_D,1B2U_A_D,1X1X_A_D,1B2S_A_D,1X1W_A_D";" 8.80e-11";" 1.00e-07";7739054;"Barnase";"Barstar";298;" 5.10e+07";" 3.70e+07";" 4.50e-03";" 6.80e-03";;;;;"Crystal structure is one of the mutants in the paper. This mutant is taken as 'wild-type'.,,"
"1B2S_A_D";"AA27K,AD43T";"AA27K,AD43T";"SUP,RIM";;"1BRS_A_D,1B3S_A_D,1B2U_A_D,1X1X_A_D,1B2S_A_D,1X1W_A_D";" 1.00e-14";" 1.00e-07";7739054;"Barnase";"Barstar";298;" 3.70e+08";" 3.70e+07";" 3.70e-06";" 6.80e-03";;;;;"Crystal structure is one of the mutants in the paper. This mutant is taken as 'wild-type'.,,"
"1B3S_A_D";"AA102H";"AA102H";"COR";;"1BRS_A_D,1B3S_A_D,1B2U_A_D,1X1X_A_D,1B2S_A_D,1X1W_A_D";" 8.00e-15";" 1.17e-10";7739054;"Barnase";"Barstar";298;" 3.00e+08";" 3.90e+08";" 2.40e-06";" 4.50e-02";;;;;"Crystal structure is one of the mutants in the paper. This mutant is taken as 'wild-type'.,,"
"1B3S_A_D";"FD30Y";"FD30Y";"RIM";;"1BRS_A_D,1B3S_A_D,1B2U_A_D,1X1X_A_D,1B2S_A_D,1X1W_A_D";" 3.20e-10";" 1.17e-10";7739054;"Barnase";"Barstar";298;" 4.00e+08";" 3.90e+08";" 1.29e-01";" 4.50e-02";;;;;"Crystal structure is one of the mutants in the paper. This mutant is taken as 'wild-type'.,,"
"1B3S_A_D";"AA102H,FD30Y";"AA102H,FD30Y";"COR,RIM";;"1BRS_A_D,1B3S_A_D,1B2U_A_D,1X1X_A_D,1B2S_A_D,1X1W_A_D";" 1.00e-14";" 1.00e-07";7739054;"Barnase";"Barstar";298;" 3.70e+08";" 3.70e+07";" 3.70e-06";" 4.50e-02";;;;;"Crystal structure is one of the mutants in the paper. This mutant is taken as 'wild-type'.,,"
"1BRS_A_D";"DD35A";"DD35A";"COR";;"1BRS_A_D,1B3S_A_D,1B2U_A_D,1X1X_A_D,1B2S_A_D,1X1W_A_D";" 1.27e-07";" 1.32e-10";"Water-mediated interaction at a protein-protein interface, Chemical Physics, Volume 307, Issues 2-3, 2004";"Barnase";"Barstar";298;" 2.14e+05";" 8.74e+05";" 2.73e-02";" 1.15e-04";;;;;
"1BRS_A_D";"DD39A";"DD39A";"COR";;"1BRS_A_D,1B3S_A_D,1B2U_A_D,1X1X_A_D,1B2S_A_D,1X1W_A_D";" 2.96e-06";" 1.32e-10";"Water-mediated interaction at a protein-protein interface, Chemical Physics, Volume 307, Issues 2-3, 2004";"Barnase";"Barstar";298;" 1.55e+05";" 8.74e+05";" 4.57e-01";" 1.15e-04";;;;;
"1BRS_A_D";"ED76A";"ED74A";"RIM";;"1BRS_A_D,1B3S_A_D,1B2U_A_D,1X1X_A_D,1B2S_A_D,1X1W_A_D";" 5.30e-10";" 1.32e-10";"Water-mediated interaction at a protein-protein interface, Chemical Physics, Volume 307, Issues 2-3, 2004";"Barnase";"Barstar";298;" 8.97e+05";" 8.74e+05";" 4.75e-04";" 1.15e-04";;;;;
"1BRS_A_D";"ED80A";"ED78A";"SUR";;"1BRS_A_D,1B3S_A_D,1B2U_A_D,1X1X_A_D,1B2S_A_D,1X1W_A_D";" 2.64e-10";" 1.32e-10";"Water-mediated interaction at a protein-protein interface, Chemical Physics, Volume 307, Issues 2-3, 2004";"Barnase";"Barstar";298;" 8.62e+05";" 8.74e+05";" 2.28e-04";" 1.15e-04";;;;;
"1X1W_A_D";"AD80E";"AD81E";"SUR";;"1BRS_A_D,1B3S_A_D,1B2U_A_D,1X1X_A_D,1B2S_A_D,1X1W_A_D";" 1.32e-10";" 2.64e-10";"Water-mediated interaction at a protein-protein interface, Chemical Physics, Volume 307, Issues 2-3, 2004";"Barnase";"Barstar";298;" 8.74e+05";" 8.62e+05";" 1.15e-04";" 2.28e-04";;;;;"Crystal structure is one of the mutants in the paper. This mutant is taken as 'wild-type',,"
"1X1X_A_D";"AD76E";"AD76E";"COR";;"1BRS_A_D,1B3S_A_D,1B2U_A_D,1X1X_A_D,1B2S_A_D,1X1W_A_D";" 1.32e-10";" 5.30e-10";"Water-mediated interaction at a protein-protein interface, Chemical Physics, Volume 307, Issues 2-3, 2004";"Barnase";"Barstar";298;" 8.74e+05";" 8.97e+05";" 1.15e-04";" 4.75e-04";;;;;"Crystal structure is one of the mutants in the paper. This mutant is taken as 'wild-type',,"
"1BRS_A_D";"KA27A";"KA25A";"COR";;"1BRS_A_D,1B3S_A_D,1B2U_A_D,1X1X_A_D,1B2S_A_D,1X1W_A_D";" 1.20e-10";" 1.30e-14";8494892;"Barnase";"Barstar";298;" 5.50e+07";" 6.00e+08";" 6.60e-03";" 8.00e-06";;;;;
"1BRS_A_D";"WA35F";"WA33F";"SUP";;"1BRS_A_D,1B3S_A_D,1B2U_A_D,1X1X_A_D,1B2S_A_D,1X1W_A_D";" 1.40e-13";" 1.30e-14";8494892;"Barnase";"Barstar";298;" 5.60e+08";" 6.00e+08";" 8.00e-05";" 8.00e-06";;;;;
"1BRS_A_D";"DA54A";"DA52A";"INT";;"1BRS_A_D,1B3S_A_D,1B2U_A_D,1X1X_A_D,1B2S_A_D,1X1W_A_D";" 2.90e-15";" 1.30e-14";8494892;"Barnase";"Barstar";298;" 1.80e+09";" 6.00e+08";" 5.30e-06";" 8.00e-06";;;;;
"1BRS_A_D";"NA58A";"NA56A";"SUP";;"1BRS_A_D,1B3S_A_D,1B2U_A_D,1X1X_A_D,1B2S_A_D,1X1W_A_D";" 2.30e-12";" 1.30e-14";8494892;"Barnase";"Barstar";298;" 2.80e+08";" 6.00e+08";" 6.40e-04";" 8.00e-06";;;;;
"1BRS_A_D";"RA59A";"RA57A";"COR";;"1BRS_A_D,1B3S_A_D,1B2U_A_D,1X1X_A_D,1B2S_A_D,1X1W_A_D";" 8.20e-11";" 1.30e-14";8494892;"Barnase";"Barstar";298;" 4.50e+07";" 6.00e+08";" 3.70e-03";" 8.00e-06";;;;;
"1BRS_A_D";"EA60A";"EA58A";"RIM";;"1BRS_A_D,1B3S_A_D,1B2U_A_D,1X1X_A_D,1B2S_A_D,1X1W_A_D";" 7.50e-15";" 1.30e-14";8494892;"Barnase";"Barstar";298;" 4.50e+09";" 6.00e+08";" 3.40e-05";" 8.00e-06";;;;;
"1BRS_A_D";"EA73A";"EA71A";"SUP";;"1BRS_A_D,1B3S_A_D,1B2U_A_D,1X1X_A_D,1B2S_A_D,1X1W_A_D";" 3.20e-13";" 1.30e-14";8494892;"Barnase";"Barstar";298;" 2.30e+09";" 6.00e+08";" 7.40e-04";" 8.00e-06";;;;;
"1BRS_A_D";"RA87A";"RA85A";"SUP";;"1BRS_A_D,1B3S_A_D,1B2U_A_D,1X1X_A_D,1B2S_A_D,1X1W_A_D";" 3.00e-10";" 1.30e-14";8494892;"Barnase";"Barstar";298;" 2.30e+08";" 6.00e+08";" 6.70e-02";" 8.00e-06";;;;;
"1BRS_A_D";"HA102A";"HA100A";"COR";;"1BRS_A_D,1B3S_A_D,1B2U_A_D,1X1X_A_D,1B2S_A_D,1X1W_A_D";" 5.00e-10";" 1.30e-14";8494892;"Barnase";"Barstar";298;" 4.40e+08";" 6.00e+08";" 2.20e-01";" 8.00e-06";;;;;
"1BRS_A_D";"KA27A";"KA25A";"COR";;"1BRS_A_D,1B3S_A_D,1B2U_A_D,1X1X_A_D,1B2S_A_D,1X1W_A_D";" 3.00e-10";" 1.30e-13";8494892;"Barnase";"Barstar";298;" 2.00e+07";" 1.20e+08";" 6.10e-03";" 1.50e-05";;;;;"1mM NaCl,,"
"1BRS_A_D";"WA35F";"WA33F";"SUP";;"1BRS_A_D,1B3S_A_D,1B2U_A_D,1X1X_A_D,1B2S_A_D,1X1W_A_D";" 8.50e-13";" 1.30e-13";8494892;"Barnase";"Barstar";298;" 1.10e+08";" 1.20e+08";" 9.60e-05";" 1.50e-05";;;;;"1mM NaCl,,"
"1BRS_A_D";"DA54A";"DA52A";"INT";;"1BRS_A_D,1B3S_A_D,1B2U_A_D,1X1X_A_D,1B2S_A_D,1X1W_A_D";" 9.80e-14";" 1.30e-13";8494892;"Barnase";"Barstar";298;" 1.80e+08";" 1.20e+08";" 1.80e-05";" 1.50e-05";;;;;"1mM NaCl,,"
"1BRS_A_D";"NA58A";"NA56A";"SUP";;"1BRS_A_D,1B3S_A_D,1B2U_A_D,1X1X_A_D,1B2S_A_D,1X1W_A_D";" 2.50e-11";" 1.30e-13";8494892;"Barnase";"Barstar";298;" 3.60e+07";" 1.20e+08";" 9.10e-04";" 1.50e-05";;;;;"1mM NaCl,,"
"1BRS_A_D";"RA59A";"RA57A";"COR";;"1BRS_A_D,1B3S_A_D,1B2U_A_D,1X1X_A_D,1B2S_A_D,1X1W_A_D";" 5.00e-10";" 1.30e-13";8494892;"Barnase";"Barstar";298;" 1.30e+07";" 1.20e+08";" 6.50e-03";" 1.50e-05";;;;;"1mM NaCl,,"
"1BRS_A_D";"EA60A";"EA58A";"RIM";;"1BRS_A_D,1B3S_A_D,1B2U_A_D,1X1X_A_D,1B2S_A_D,1X1W_A_D";" 3.10e-13";" 1.30e-13";8494892;"Barnase";"Barstar";298;" 4.20e+08";" 1.20e+08";" 1.30e-04";" 1.50e-05";;;;;"1mM NaCl,,"
"1BRS_A_D";"EA73A";"EA71A";"SUP";;"1BRS_A_D,1B3S_A_D,1B2U_A_D,1X1X_A_D,1B2S_A_D,1X1W_A_D";" 1.50e-11";" 1.30e-13";8494892;"Barnase";"Barstar";298;" 1.80e+08";" 1.20e+08";" 2.60e-03";" 1.50e-05";;;;;"1mM NaCl,,"
"1BRS_A_D";"HA102A";"HA100A";"COR";;"1BRS_A_D,1B3S_A_D,1B2U_A_D,1X1X_A_D,1B2S_A_D,1X1W_A_D";" 3.70e-09";" 1.30e-13";8494892;"Barnase";"Barstar";298;" 9.40e+07";" 1.20e+08";" 3.50e-01";" 1.50e-05";;;;;"1mM NaCl,,"
